{
  "ndcg@1": 0.19977595220313668,
  "ndcg@5": 0.37735123317929914,
  "ndcg@10": 0.44162333755970334,
  "mrr": 0.3717471202330807,
  "recall@1": 0.19060510686724277,
  "recall@5": 0.5427215089836449,
  "recall@10": 0.739047737591427,
  "best_iteration": 44,
  "train_time_s": 1.2
}