{
  "ndcg@1": 0.1982823002240478,
  "ndcg@5": 0.3748251713177669,
  "ndcg@10": 0.4403609742400975,
  "mrr": 0.36938566045683285,
  "recall@1": 0.1877944331827827,
  "recall@5": 0.542065961726156,
  "recall@10": 0.742354220752279,
  "best_iteration": 65,
  "train_time_s": 1.6
}