{
  "ndcg@1": 0.19927806821010705,
  "ndcg@5": 0.3764317257567273,
  "ndcg@10": 0.440998630699425,
  "mrr": 0.3713751718533775,
  "recall@1": 0.18935624785139346,
  "recall@5": 0.5408817090855925,
  "recall@10": 0.7388305060635157,
  "best_iteration": 55,
  "train_time_s": 1.2
}