{
  "ndcg@1": 0.1987801842170774,
  "ndcg@5": 0.37198946161403373,
  "ndcg@10": 0.439829161656915,
  "mrr": 0.3695130011032394,
  "recall@1": 0.18806412034567374,
  "recall@5": 0.5329443120705256,
  "recall@10": 0.7400835141126403,
  "best_iteration": 111,
  "train_time_s": 2.7
}