{
  "val": {
    "ndcg@1": 0.03171521035598706,
    "ndcg@5": 0.10976131783553242,
    "ndcg@10": 0.17336306081801683,
    "mrr": 0.14401742509867987,
    "recall@1": 0.029548291939707372,
    "recall@5": 0.19483476552970674,
    "recall@10": 0.3902171410602683
  },
  "test": {
    "ndcg@1": 0.03241224794622853,
    "ndcg@5": 0.11003243275228303,
    "ndcg@10": 0.17251462830640318,
    "mrr": 0.1446840297783085,
    "recall@1": 0.031893618786822675,
    "recall@5": 0.1931174453019113,
    "recall@10": 0.38620209348364687
  },
  "train_time_s": 25.9
}