{
  "ndcg@1": 0.20413243714214588,
  "ndcg@5": 0.37631945639357683,
  "ndcg@10": 0.44205751972221846,
  "mrr": 0.37325044965515486,
  "recall@1": 0.19309689770854818,
  "recall@5": 0.5379438971671981,
  "recall@10": 0.7387956344267024,
  "best_iteration": 70,
  "train_time_s": 1.5
}