{
  "ndcg@1": 0.2042569081404033,
  "ndcg@5": 0.37221823167440926,
  "ndcg@10": 0.4408723263038082,
  "mrr": 0.37125997382734177,
  "recall@1": 0.1939578221131619,
  "recall@5": 0.531015406743562,
  "recall@10": 0.7405147172137464,
  "best_iteration": 38,
  "train_time_s": 1.4
}