{
  "ndcg@1": 0.19678864824495892,
  "ndcg@5": 0.3694016419662256,
  "ndcg@10": 0.43423758989631184,
  "mrr": 0.3670701721662045,
  "recall@1": 0.18638968905959197,
  "recall@5": 0.5292976081811033,
  "recall@10": 0.7270617731782781,
  "best_iteration": 39,
  "train_time_s": 1.0
}