{
  "ndcg@1": 0.19890465521533482,
  "ndcg@5": 0.3743631967021998,
  "ndcg@10": 0.4381155456764532,
  "mrr": 0.36929318484612333,
  "recall@1": 0.18867165736097774,
  "recall@5": 0.5407901339940174,
  "recall@10": 0.7354611946844956,
  "best_iteration": 47,
  "train_time_s": 1.5
}