{
  "ndcg@1": 0.19915359721184964,
  "ndcg@5": 0.3739477499121366,
  "ndcg@10": 0.4384102674588178,
  "mrr": 0.3696254348680239,
  "recall@1": 0.18860942186184904,
  "recall@5": 0.5383214591952457,
  "recall@10": 0.735473938143841,
  "best_iteration": 87,
  "train_time_s": 1.7
}