{
  "ndcg@1": 0.2048792631316903,
  "ndcg@5": 0.37922054035981256,
  "ndcg@10": 0.4441194477033324,
  "mrr": 0.37512948096734955,
  "recall@1": 0.19409266569460745,
  "recall@5": 0.5422879350063816,
  "recall@10": 0.7408079155651971,
  "best_iteration": 92,
  "train_time_s": 1.9
}