{
  "ndcg@1": 0.190067214339059,
  "ndcg@5": 0.36777288195061597,
  "ndcg@10": 0.4338032445916182,
  "mrr": 0.36421369303967555,
  "recall@1": 0.18011457259030073,
  "recall@5": 0.5302349933417894,
  "recall@10": 0.7321007740910653,
  "best_iteration": 24,
  "train_time_s": 1.0
}