{
  "ndcg@1": 0.20151854617874035,
  "ndcg@5": 0.3747278770018972,
  "ndcg@10": 0.4405021743550747,
  "mrr": 0.37081550150596937,
  "recall@1": 0.1909536256623635,
  "recall@5": 0.5374584602739942,
  "recall@10": 0.7388906670460068,
  "best_iteration": 63,
  "train_time_s": 1.9
}