{
  "ndcg@1": 0.19579288025889968,
  "ndcg@5": 0.3749744089013567,
  "ndcg@10": 0.43885132946271416,
  "mrr": 0.36800424398631837,
  "recall@1": 0.18608680963049898,
  "recall@5": 0.5443935693935693,
  "recall@10": 0.7403217871664474,
  "best_iteration": 75,
  "train_time_s": 2.0
}