{
  "ndcg@1": 0.19517052526761264,
  "ndcg@5": 0.3718798196784647,
  "ndcg@10": 0.4375006661668355,
  "mrr": 0.3677444998459901,
  "recall@1": 0.1849126332136041,
  "recall@5": 0.5377035495967534,
  "recall@10": 0.7383595907867753,
  "best_iteration": 57,
  "train_time_s": 1.7
}