{
  "ndcg@1": 0.1987801842170774,
  "ndcg@5": 0.373466230243001,
  "ndcg@10": 0.4389250446258737,
  "mrr": 0.3689145435602801,
  "recall@1": 0.18917131951112534,
  "recall@5": 0.5372699756194902,
  "recall@10": 0.7371812653366051,
  "best_iteration": 90,
  "train_time_s": 2.3
}