{
  "ndcg@1": 0.19143639531989046,
  "ndcg@5": 0.3689741616869501,
  "ndcg@10": 0.43336287476529234,
  "mrr": 0.3637596197590495,
  "recall@1": 0.18075352371468875,
  "recall@5": 0.5355540540006559,
  "recall@10": 0.7324140261033465,
  "best_iteration": 19,
  "train_time_s": 0.9
}