{
  "ndcg@1": 0.20624844411252177,
  "ndcg@5": 0.37786206660701416,
  "ndcg@10": 0.44380942662481343,
  "mrr": 0.37356646691236195,
  "recall@1": 0.19589097525990729,
  "recall@5": 0.5411742159314974,
  "recall@10": 0.741956209917375,
  "best_iteration": 46,
  "train_time_s": 1.3
}