{
  "ndcg@1": 0.1944236992780682,
  "ndcg@5": 0.36951857984073255,
  "ndcg@10": 0.4339231077054095,
  "mrr": 0.36444576364659853,
  "recall@1": 0.18432761952179424,
  "recall@5": 0.5342699282019672,
  "recall@10": 0.7317727041028012,
  "best_iteration": 39,
  "train_time_s": 1.0
}