{
  "recall@5": 0.2818282466979452,
  "recall@10": 0.4876703975068819,
  "recall@20": 0.7811448529895131,
  "train_time_s": 149.6
}