{
  "recall@5": 0.27084397746124883,
  "recall@10": 0.47194033468944047,
  "recall@20": 0.7675805855417506,
  "train_time_s": 55.5,
  "loss_curve": [
    13232.0166015625,
    13145.7900390625,
    13191.646484375,
    13142.1875,
    13160.296875,
    13123.064453125,
    13107.900390625,
    13147.1357421875,
    13115.50390625,
    13121.71484375
  ]
}